Title,Price,Brand
Nokia Lumia 635,Coming Soon,Nokia
Nokia Lumia 638,Coming Soon,Nokia
Nokia Lumia 735,Coming Soon,Nokia
Nokia C1,Coming Soon,Nokia
Nokia Lumia 930,"Rs. 54,200",Nokia
Nokia Lumia 900,"Rs. 49,700",Nokia
Nokia Lumia 830,"Rs. 45,400",Nokia
Nokia Lumia 800,"Rs. 39,900",Nokia
Nokia Lumia 720,"Rs. 27,600",Nokia
Nokia Lumia 625,"Rs. 22,500",Nokia
Nokia Lumia 730,"Rs. 20,750",Nokia
Nokia Lumia 620,"Rs. 20,000",Nokia
Nokia Lumia 525,"Rs. 17,350",Nokia
Nokia Lumia 630,"Rs. 15,950",Nokia
Nokia Lumia 630 Dual SIM,"Rs. 15,950",Nokia
Nokia 515,"Rs. 15,800",Nokia
Nokia XL,"Rs. 15,100",Nokia
Nokia X2,"Rs. 14,800",Nokia
Nokia Lumia 530,"Rs. 10,850",Nokia
Nokia Lumia 520,"Rs. 10,350",Nokia
Nokia X,"Rs. 9,600",Nokia
Nokia 301,"Rs. 8,850",Nokia
Nokia Asha 210,"Rs. 7,800",Nokia
Nokia Asha 305,"Rs. 7,800",Nokia
Nokia Asha 202,"Rs. 7,700",Nokia
Nokia Asha 200,"Rs. 7,550",Nokia
Nokia C2 01,"Rs. 7,100",Nokia
Nokia 206,"Rs. 6,800",Nokia
Nokia 230,"Rs. 6,600",Nokia
Nokia 225,"Rs. 6,575",Nokia
Nokia Asha 501,"Rs. 6,000",Nokia
Nokia Asha 500,"Rs. 6,000",Nokia
Nokia C2 05,"Rs. 5,950",Nokia
Nokia Asha 205,"Rs. 5,500",Nokia
Nokia 208,"Rs. 5,400",Nokia
Nokia 222 Dual Sim,"Rs. 5,200",Nokia
Nokia C2 00,"Rs. 4,975",Nokia
Nokia 222,"Rs. 4,975",Nokia
Nokia 220,"Rs. 4,975",Nokia
Nokia 112,"Rs. 4,700",Nokia
Nokia 110,"Rs. 4,500",Nokia
Nokia Asha 230,"Rs. 4,500",Nokia
Nokia 215,"Rs. 4,160",Nokia
Nokia 108,"Rs. 3,600",Nokia
Nokia 130,"Rs. 3,160",Nokia
Nokia 105,"Rs. 2,730",Nokia
Nokia 1280,"Rs. 2,350",Nokia
Nokia E6, Price N/A ,Nokia
Nokia Lumia 925, Price N/A ,Nokia
Nokia 100, Price N/A ,Nokia
Nokia Lumia 1020, Price N/A ,Nokia
Nokia N9, Price N/A ,Nokia
Nokia 207, Price N/A ,Nokia
Nokia X2 02, Price N/A ,Nokia
Nokia Asha 302, Price N/A ,Nokia
Nokia Lumia 1520, Price N/A ,Nokia
Nokia Lumia 1320, Price N/A ,Nokia
Nokia Asha 503, Price N/A ,Nokia
Nokia Asha 502 Dual SIM, Price N/A ,Nokia
Nokia 106, Price N/A ,Nokia
Nokia 5730 XpressMusic, Price N/A ,Nokia
Nokia 103, Price N/A ,Nokia
Nokia E72, Price N/A ,Nokia
Nokia 808 Pureview, Price N/A ,Nokia
Nokia 2730 classic, Price N/A ,Nokia
Nokia Asha 306, Price N/A ,Nokia
Nokia X6 16GB, Price N/A ,Nokia
Nokia X2 00, Price N/A ,Nokia
Nokia E5, Price N/A ,Nokia
Nokia C3, Price N/A ,Nokia
Nokia Lumia 610, Price N/A ,Nokia
Nokia X3 02 Touch and Type, Price N/A ,Nokia
Nokia Asha 309, Price N/A ,Nokia
Nokia X Plus, Price N/A ,Nokia
Nokia Lumia 920, Price N/A ,Nokia
Nokia Lumia 510, Price N/A ,Nokia
Nokia Lumia 820, Price N/A ,Nokia
Samsung Galaxy Ace Style,Coming Soon,Samsung
Samsung Galaxy Grand Max,Coming Soon,Samsung
Samsung Galaxy S7,Coming Soon,Samsung
Samsung Galaxy Active Neo,Coming Soon,Samsung
Samsung Galaxy A9,Coming Soon,Samsung
Samsung Galaxy On7,Coming Soon,Samsung
Samsung Galaxy On5,Coming Soon,Samsung
Samsung Galaxy J3,Coming Soon,Samsung
Samsung Galaxy A7 2016,Coming Soon,Samsung
Samsung Galaxy J1 Mini,Coming Soon,Samsung
Samsung Galaxy A5 2016,Coming Soon,Samsung
Samsung Galaxy A3 2016,Coming Soon,Samsung
Samsung Galaxy A8 2016,Coming Soon,Samsung
Samsung Galaxy S6 Plus,Coming Soon,Samsung
Samsung Galaxy S6 Edge Plus,"Rs. 89,999",Samsung
Samsung Galaxy Note Edge,"Rs. 89,000",Samsung
Samsung Galaxy Note 5,"Rs. 72,000",Samsung
Samsung Galaxy S4 Active I9295,"Rs. 67,000",Samsung
Samsung Galaxy S6 Edge,"Rs. 65,000",Samsung
Samsung Galaxy Note 4,"Rs. 59,999",Samsung
Samsung Galaxy S4 Zoom,"Rs. 57,000",Samsung
Samsung Galaxy S6,"Rs. 54,999",Samsung
Samsung Galaxy Mega 6.3,"Rs. 52,000",Samsung
Samsung Galaxy Alpha,"Rs. 50,000",Samsung
Samsung Galaxy Note 3,"Rs. 48,999",Samsung
Samsung Galaxy S4 Mini I9190,"Rs. 45,000",Samsung
Samsung Galaxy S5,"Rs. 43,000",Samsung
Samsung Galaxy Mega 5.8,"Rs. 42,500",Samsung
Samsung Galaxy A8,"Rs. 42,000",Samsung
Samsung Galaxy K Zoom,"Rs. 41,500",Samsung
Samsung Galaxy A7,"Rs. 39,999",Samsung
Samsung Galaxy S4 I9500,"Rs. 37,500",Samsung
Samsung Galaxy Note 3 Neo,"Rs. 37,000",Samsung
Samsung Galaxy A5,"Rs. 35,999",Samsung
Samsung Galaxy Grand I9082,"Rs. 35,900",Samsung
Samsung Galaxy E7,"Rs. 35,500",Samsung
Samsung Galaxy S3 I9300,"Rs. 33,900",Samsung
Samsung Galaxy Grand 2,"Rs. 32,900",Samsung
Samsung Galaxy S2 Plus,"Rs. 31,999",Samsung
Samsung Galaxy E5 Duos,"Rs. 29,500",Samsung
Samsung Galaxy J7,"Rs. 28,000",Samsung
Samsung Galaxy A3,"Rs. 25,999",Samsung
Samsung Galaxy J5,"Rs. 23,000",Samsung
Samsung Galaxy Core I8260,"Rs. 22,500",Samsung
Samsung Galaxy SIII mini I8190,"Rs. 22,000",Samsung
Samsung Galaxy S3 Neo,"Rs. 21,999",Samsung
Samsung Galaxy S Duos S7562,"Rs. 21,000",Samsung
Samsung Galaxy Ace 3,"Rs. 19,499",Samsung
Samsung Galaxy Grand Prime,"Rs. 19,000",Samsung
Samsung Galaxy J2,"Rs. 16,500",Samsung
Samsung Galaxy Grand Neo,"Rs. 14,999",Samsung
Samsung Galaxy Core Prime,"Rs. 14,500",Samsung
Samsung Galaxy J1,"Rs. 13,999",Samsung
Samsung Galaxy S Duos 2,"Rs. 13,900",Samsung
Samsung Galaxy Core 2,"Rs. 12,999",Samsung
Samsung Galaxy J1 Ace,"Rs. 11,999",Samsung
Samsung Galaxy Pocket Duos S5302,"Rs. 11,900",Samsung
Samsung Galaxy Ace 4,"Rs. 10,100",Samsung
Samsung Galaxy Ace Duos S6802,"Rs. 9,900",Samsung
Samsung Galaxy Star 2 Plus,"Rs. 9,500",Samsung
Samsung Galaxy Ace 4 Lite,"Rs. 9,500",Samsung
Samsung Galaxy Music Duos S6012,"Rs. 9,250",Samsung
Samsung Galaxy Star Pro,"Rs. 8,500",Samsung
Samsung S5611,"Rs. 7,999",Samsung
Samsung Galaxy Star 2,"Rs. 6,800",Samsung
Samsung Galaxy Star S5282,"Rs. 6,000",Samsung
Samsung Yacca B360,"Rs. 5,800",Samsung
Samsung Metro B350E,"Rs. 4,999",Samsung
Samsung E2202,"Rs. 4,200",Samsung
Samsung B312 Brio,"Rs. 3,499",Samsung
Samsung Galaxy S5 Active,N/A,Samsung
Samsung Galaxy S5 Mini,N/A,Samsung
Samsung Galaxy Grand 3,N/A,Samsung
Samsung Galaxy S7 Edge,N/A,Samsung
Samsung Galaxy E5,N/A,Samsung
Samsung Galaxy W,N/A,Samsung
Samsung Galaxy Mega On,N/A,Samsung
Samsung Galaxy Grand On,N/A,Samsung
Samsung Galaxy S3 Slim,N/A,Samsung
Samsung E1282 Duos,"Rs. 2,800",Samsung
Samsung B310,"Rs. 2,599",Samsung
Samsung E1205,"Rs. 2,500",Samsung
Samsung E1207,"Rs. 2,500",Samsung
Samsung Galaxy Pocket plus S5301, Price N/A ,Samsung
Samsung Galaxy S5 Neo, Price N/A ,Samsung
Samsung Z, Price N/A ,Samsung
Samsung Galaxy Core Lite LTE, Price N/A ,Samsung
Samsung Galaxy Pocket 2, Price N/A ,Samsung
Samsung Galaxy Young 2, Price N/A ,Samsung
Samsung Galaxy Note, Price N/A ,Samsung
Samsung Galaxy Y Duos S6102, Price N/A ,Samsung
Samsung Galaxy Nexus, Price N/A ,Samsung
Samsung Galaxy Pocket S5300, Price N/A ,Samsung
Samsung Galaxy Core Advance, Price N/A ,Samsung
Samsung I9000 Galaxy S 16GB, Price N/A ,Samsung
Samsung Galaxy Note II, Price N/A ,Samsung
Voice Xtreme V90,"Rs. 20,900",Voice
Voice Xtreme X5,"Rs. 16,500",Voice
Voice Xtreme V75,"Rs. 15,800",Voice
Voice Xtreme X3,"Rs. 14,800",Voice
Voice Xtreme V80,"Rs. 14,800",Voice
Voice Xtreme V65,"Rs. 14,800",Voice
Voice Xtreme V55,"Rs. 11,900",Voice
Voice Xtreme V50,"Rs. 11,800",Voice
Voice Xtreme V40,"Rs. 11,500",Voice
Voice Xtreme V35,"Rs. 11,500",Voice
Voice Xtreme V40i,"Rs. 11,200",Voice
Voice Xtreme V30,"Rs. 10,200",Voice
Voice Xtreme V70,"Rs. 9,800",Voice
Voice Xtreme V25,"Rs. 8,900",Voice
Voice Xtreme V60,"Rs. 8,800",Voice
Voice Xtreme V22,"Rs. 8,300",Voice
Voice Xtreme V20,"Rs. 7,950",Voice
Voice Xtreme X2,"Rs. 7,800",Voice
Voice Xtreme V44,"Rs. 7,500",Voice
Voice Xtreme V14,"Rs. 6,950",Voice
Voice Xtreme V10,"Rs. 5,950",Voice
Voice Xtreme V15,"Rs. 4,600",Voice
Voice Xtreme V12,"Rs. 3,990",Voice
Voice Xtreme V10i,"Rs. 3,900",Voice
Voice V850,"Rs. 3,700",Voice
Voice V650,"Rs. 3,200",Voice
Voice V185,"Rs. 2,950",Voice
Voice V180,"Rs. 2,750",Voice
Voice V170,"Rs. 2,700",Voice
Voice V115,"Rs. 2,650",Voice
Voice V165,"Rs. 2,650",Voice
Voice V540,"Rs. 2,650",Voice
Voice V110,"Rs. 2,600",Voice
Voice V155,"Rs. 2,600",Voice
Voice V190,"Rs. 2,575",Voice
Voice V177,"Rs. 2,550",Voice
Voice V175,"Rs. 2,550",Voice
Voice V395,"Rs. 2,450",Voice
Voice V390,"Rs. 2,400",Voice
Voice V150,"Rs. 2,400",Voice
Voice V380,"Rs. 2,350",Voice
Voice V666,"Rs. 2,200",Voice
Voice V144,"Rs. 2,200",Voice
Voice V160,"Rs. 2,150",Voice
Voice V142,"Rs. 2,150",Voice
Voice V470,"Rs. 2,100",Voice
Voice V300,"Rs. 2,000",Voice
Voice V250,"Rs. 2,000",Voice
Voice V145,"Rs. 1,900",Voice
Voice V440,"Rs. 1,750",Voice
Voice V200,"Rs. 1,750",Voice
Voice V140,"Rs. 1,650",Voice
Voice V210,"Rs. 1,600",Voice
Voice V130,"Rs. 1,550",Voice
Voice V125,"Rs. 1,475",Voice
Voice V610, Price N/A ,Voice
Voice V400, Price N/A ,Voice
Voice V600, Price N/A ,Voice
Voice V700, Price N/A ,Voice
Voice V900, Price N/A ,Voice
Voice V710, Price N/A ,Voice
Microsoft Lumia 640 Dual SIM,Coming Soon,Microsoft
Microsoft Lumia 650,Coming Soon,Microsoft
Microsoft Lumia 850,Coming Soon,Microsoft
Microsoft Lumia 940 XL,Coming Soon,Microsoft
Microsoft Lumia 940,Coming Soon,Microsoft
Microsoft Lumia 950 XL,"Rs. 71,300",Microsoft
Microsoft Lumia 950,"Rs. 63,500",Microsoft
Microsoft Lumia 640 XL,"Rs. 22,700",Microsoft
Microsoft Lumia 540,"Rs. 16,750",Microsoft
Microsoft Lumia 535 Dual Sim,"Rs. 14,090",Microsoft
Microsoft Lumia 550,"Rs. 13,500",Microsoft
Microsoft Lumia 532,"Rs. 8,700",Microsoft
Microsoft Lumia 435 Dual Sim,"Rs. 7,950",Microsoft
Microsoft Lumia 430,"Rs. 6,450",Microsoft
Microsoft Lumia 435, Price N/A ,Microsoft
Microsoft Lumia 535, Price N/A ,Microsoft
Huawei Honor 4A,Coming Soon,Huawei
Huawei Honor 4C PLus,Coming Soon,Huawei
Huawei Ascend Y540,Coming Soon,Huawei
Huawei Honor X5,Coming Soon,Huawei
Huawei Enjoy 5,Coming Soon,Huawei
Huawei G7 Plus,Coming Soon,Huawei
Huawei P9max,Coming Soon,Huawei
Huawei Honor 4 Play,Coming Soon,Huawei
Huawei Enjoy 5S,Coming Soon,Huawei
Huawei Ascend Mate 8,Coming Soon,Huawei
Huawei Mate 8 Gold,Coming Soon,Huawei
Huawei Honor 6 Plus,Coming Soon,Huawei
Huawei P9,Coming Soon,Huawei
Huawei Nexus 6P,"Rs. 71,999",Huawei
Huawei Mate S,"Rs. 67,999",Huawei
Huawei Ascend Mate 7 Gold,"Rs. 56,999",Huawei
Huawei P8max,"Rs. 55,999",Huawei
Huawei P8 Dual SIM,"Rs. 54,000",Huawei
Huawei Ascend Mate 7,"Rs. 49,999",Huawei
Huawei P8,"Rs. 49,999",Huawei
Huawei Honor 7,"Rs. 45,499",Huawei
Huawei Ascend P7,"Rs. 41,000",Huawei
Huawei G8,"Rs. 40,999",Huawei
Huawei Ascend P6,"Rs. 36,500",Huawei
Huawei Honor 6,"Rs. 36,499",Huawei
Huawei Honor 7i,"Rs. 35,999",Huawei
Huawei ShotX,"Rs. 35,999",Huawei
Huawei Honor 3X G750,"Rs. 31,999",Huawei
Huawei Honor 3C 4G,"Rs. 28,999",Huawei
Huawei Ascend G7,"Rs. 27,499",Huawei
Huawei Ascend G700,"Rs. 25,900",Huawei
Huawei Honor 4X,"Rs. 25,799",Huawei
Huawei P8 Lite,"Rs. 23,899",Huawei
Huawei Ascend G6,"Rs. 22,999",Huawei
Huawei Ascend G730,"Rs. 21,499",Huawei
Huawei Y6 LTE,"Rs. 19,500",Huawei
Huawei Honor 4C,"Rs. 18,500",Huawei
Huawei Ascend G630,"Rs. 18,000",Huawei
Huawei Honor 3C,"Rs. 17,900",Huawei
Huawei G610s,"Rs. 16,000",Huawei
Huawei Honor 3C Lite,"Rs. 16,000",Huawei
Huawei Ascend Y550,"Rs. 14,999",Huawei
Huawei Ascend Y530,"Rs. 14,999",Huawei
Huawei Y6,"Rs. 14,899",Huawei
Huawei Ascend Y600,"Rs. 13,500",Huawei
Huawei Ascend Y300,"Rs. 13,500",Huawei
Huawei Y635,"Rs. 13,500",Huawei
Huawei Y625,"Rs. 12,999",Huawei
Huawei Ascend Y511,"Rs. 12,300",Huawei
Huawei Ascend G510 U8951,"Rs. 12,000",Huawei
Huawei Ascend Y201 Pro,"Rs. 12,000",Huawei
Huawei Y5,"Rs. 10,999",Huawei
Huawei Ascend Y210D,"Rs. 10,000",Huawei
Huawei Ascend Y520,"Rs. 9,799",Huawei
Huawei Ascend Y320,"Rs. 9,500",Huawei
Huawei Ascend Y330,"Rs. 8,999",Huawei
Huawei Y3,"Rs. 8,499",Huawei
Huawei Ascend Y221,"Rs. 7,600",Huawei
Huawei Ascend Y220,"Rs. 6,999",Huawei
Huawei Ascend D2, Price N/A ,Huawei
Huawei Ascend Mate, Price N/A ,Huawei
Huawei Ascend W1, Price N/A ,Huawei
Huawei Ascend P7 mini, Price N/A ,Huawei
Huawei Honor 2, Price N/A ,Huawei
Huawei Ascend Plus, Price N/A ,Huawei
Huawei Honor 3X Pro, Price N/A ,Huawei
Huawei Y360, Price N/A ,Huawei
Huawei Honor Play 5X, Price N/A ,Huawei
Huawei Honor 3C Play, Price N/A ,Huawei
Huawei Ascend Mate 2 4G, Price N/A ,Huawei
Huawei Ascend G300, Price N/A ,Huawei
Huawei U8860, Price N/A ,Huawei
Huawei Ascend P1, Price N/A ,Huawei
Huawei Honor Bee, Price N/A ,Huawei
HTC Desire 620G,Coming Soon,HTC
HTC Desire 210,Coming Soon,HTC
HTC Desire 320,Coming Soon,HTC
HTC One A9,Coming Soon,HTC
HTC One Max,Coming Soon,HTC
HTC Butterfly 3,Coming Soon,HTC
HTC One E9s,Coming Soon,HTC
HTC Butterfly 2,Coming Soon,HTC
HTC Desire 626G Plus,Coming Soon,HTC
HTC Desire 326G,Coming Soon,HTC
HTC Desire 828,Coming Soon,HTC
HTC One X9,Coming Soon,HTC
HTC One M9s,Coming Soon,HTC
HTC One Mini,"Rs. 56,000",HTC
HTC One E8,"Rs. 50,000",HTC
HTC One M9,"Rs. 48,999",HTC
HTC One X 16GB,"Rs. 48,000",HTC
HTC Butterfly,"Rs. 45,000",HTC
HTC One,"Rs. 42,000",HTC
HTC One M8,"Rs. 42,000",HTC
HTC Sensation XL,"Rs. 41,000",HTC
HTC One S,"Rs. 41,000",HTC
HTC Desire 620,"Rs. 37,999",HTC
HTC Desire Eye,"Rs. 37,500",HTC
HTC Desire 816G Dual Sim,"Rs. 36,000",HTC
HTC Desire 700,"Rs. 33,000",HTC
HTC Desire 610,"Rs. 33,000",HTC
HTC One Mini 2,"Rs. 32,000",HTC
HTC Desire 600,"Rs. 30,000",HTC
HTC Desire V,"Rs. 29,800",HTC
HTC Desire X,"Rs. 29,000",HTC
HTC Butterfly S,"Rs. 28,999",HTC
HTC One X,"Rs. 25,990",HTC
HTC Desire 500,"Rs. 24,500",HTC
HTC Desire 820,"Rs. 24,500",HTC
HTC Desire 516,"Rs. 24,000",HTC
HTC Desire 816,"Rs. 22,500",HTC
HTC Desire 626,"Rs. 20,000",HTC
HTC Desire 300,"Rs. 19,900",HTC
HTC Desire C,"Rs. 18,000",HTC
HTC Desire 510,"Rs. 17,999",HTC
HTC Amaze 4G,"Rs. 16,490",HTC
HTC Explorer,"Rs. 11,700",HTC
HTC Wildfire, Price N/A ,HTC
HTC Incredible S, Price N/A ,HTC
HTC Desire S, Price N/A ,HTC
HTC Wildfire S, Price N/A ,HTC
HTC Sensation, Price N/A ,HTC
HTC Flyer, Price N/A ,HTC
HTC Salsa, Price N/A ,HTC
HTC ChaCha, Price N/A ,HTC
HTC EVO 3D, Price N/A ,HTC
HTC Radar, Price N/A ,HTC
HTC Sensation XE, Price N/A ,HTC
HTC Rhyme, Price N/A ,HTC
HTC One Remix, Price N/A ,HTC
HTC One M9e, Price N/A ,HTC
HTC One V, Price N/A ,HTC
HTC Desire, Price N/A ,HTC
HTC HD7, Price N/A ,HTC
HTC Desire HD, Price N/A ,HTC
HTC Desire Z, Price N/A ,HTC
HTC 7 Mozart, Price N/A ,HTC
HTC Desire 310, Price N/A ,HTC
QMobile Noir E8,"Rs. 45,000",Qmobile
QMobile Noir X950,"Rs. 26,500",Qmobile
QMobile Noir Z7,"Rs. 23,500",Qmobile
QMobile Noir Z6,"Rs. 22,500",Qmobile
QMobile Noir Z10,"Rs. 19,900",Qmobile
QMobile Noir Z9,"Rs. 19,500",Qmobile
QMobile Noir A900,"Rs. 18,800",Qmobile
QMobile Noir Z8 Plus,"Rs. 17,990",Qmobile
QMobile Noir Z8,"Rs. 16,900",Qmobile
QMobile Noir S5,"Rs. 14,900",Qmobile
QMobile Noir X600,"Rs. 14,900",Qmobile
QMobile Noir X900 16GB,"Rs. 14,900",Qmobile
QMobile Linq LT600,"Rs. 14,900",Qmobile
QMobile Noir X900 8GB,"Rs. 14,000",Qmobile
QMobile Noir LT250,"Rs. 13,900",Qmobile
QMobile Tablet QTab Q850,"Rs. 13,900",Qmobile
QMobile Noir X550,"Rs. 13,500",Qmobile
QMobile Linq LT10,"Rs. 13,500",Qmobile
QMobile Noir M300,"Rs. 13,500",Qmobile
QMobile Noir M90,"Rs. 13,500",Qmobile
QMobile Tablet QTab Q800,"Rs. 12,500",Qmobile
QMobile Noir X300,"Rs. 12,500",Qmobile
QMobile Noir S3,"Rs. 12,500",Qmobile
QMobile Noir LT700,"Rs. 12,200",Qmobile
QMobile Noir X700,"Rs. 12,000",Qmobile
QMobile Tablet QTab Q400,"Rs. 11,900",Qmobile
QMobile Noir i8,"Rs. 11,900",Qmobile
QMobile Linq L15,"Rs. 11,800",Qmobile
QMobile Titan X700i,"Rs. 11,500",Qmobile
QMobile Noir S2,"Rs. 11,500",Qmobile
QMobile Tablet QTab Q300,"Rs. 11,500",Qmobile
QMobile A1,"Rs. 11,500",Qmobile
QMobile Noir LT150,"Rs. 10,900",Qmobile
QMobile Noir X250,"Rs. 10,800",Qmobile
QMobile Noir M95,"Rs. 10,500",Qmobile
QMobile Noir S1,"Rs. 10,200",Qmobile
QMobile Noir X150,"Rs. 9,950",Qmobile
QMobile Noir V2,"Rs. 9,900",Qmobile
QMobile Noir X350,"Rs. 9,800",Qmobile
QMobile Noir i5i,"Rs. 9,500",Qmobile
QMobile Noir X450,"Rs. 9,500",Qmobile
QMobile Bolt T500,"Rs. 8,990",Qmobile
QMobile Noir i5,"Rs. 8,800",Qmobile
QMobile Nitro Pro M88,"Rs. 8,800",Qmobile
QMobile Noir X90,"Rs. 8,300",Qmobile
QMobile Noir i6i,"Rs. 8,250",Qmobile
QMobile Noir X100,"Rs. 8,150",Qmobile
QMobile Bolt T400,"Rs. 7,990",Qmobile
QMobile Noir M82,"Rs. 7,950",Qmobile
QMobile Noir A290,"Rs. 7,800",Qmobile
QMobile Noir X60,"Rs. 7,500",Qmobile
QMobile Noir X35,"Rs. 7,250",Qmobile
QMobile Bolt T300,"Rs. 7,250",Qmobile
QMobile Noir i4,"Rs. 7,250",Qmobile
QMobile Noir X70,"Rs. 7,050",Qmobile
QMobile Linq X70,"Rs. 7,050",Qmobile
QMobile Noir X40,"Rs. 6,990",Qmobile
QMobile Noir X80,"Rs. 6,900",Qmobile
QMobile Noir M82i,"Rs. 6,900",Qmobile
QMobile Noir X20,"Rs. 6,800",Qmobile
QMobile Noir X34,"Rs. 6,650",Qmobile
QMobile Noir X14,"Rs. 6,600",Qmobile
QMobile Bolt T480,"Rs. 6,500",Qmobile
QMobile W1,"Rs. 5,990",Qmobile
QMobile Noir X37,"Rs. 5,850",Qmobile
QMobile Noir A115,"Rs. 5,500",Qmobile
QMobile Noir X30,"Rs. 5,490",Qmobile
QMobile Bolt T200,"Rs. 5,350",Qmobile
QMobile Bolt T250,"Rs. 5,300",Qmobile
QMobile Bolt T50,"Rs. 4,990",Qmobile
QMobile Noir X10,"Rs. 4,650",Qmobile
QMobile Noir X1,"Rs. 4,500",Qmobile
QMobile Magnus X6i,"Rs. 4,250",Qmobile
QMobile Explorer 3G,"Rs. 3,990",Qmobile
QMobile Noir X6,"Rs. 3,900",Qmobile
QMobile Noir X2,"Rs. 3,850",Qmobile
QMobile Magnus X2 Music,"Rs. 3,650",Qmobile
QMobile Bolt T5,"Rs. 3,650",Qmobile
QMobile Magnus X2i,"Rs. 3,600",Qmobile
QMobile E995,"Rs. 3,500",Qmobile
QMobile Noir X5,"Rs. 3,450",Qmobile
QMobile XL50,"Rs. 3,250",Qmobile
QMobile 3G Lite,"Rs. 3,000",Qmobile
QMobile J5500,"Rs. 2,999",Qmobile
QMobile Power 1000,"Rs. 2,950",Qmobile
QMobile R990,"Rs. 2,950",Qmobile
QMobile XL40,"Rs. 2,890",Qmobile
QMobile XL30,"Rs. 2,875",Qmobile
QMobile X7,"Rs. 2,850",Qmobile
QMobile XL20,"Rs. 2,850",Qmobile
QMobile Power 900,"Rs. 2,850",Qmobile
QMobile E4,"Rs. 2,750",Qmobile
QMobile R3000,"Rs. 2,750",Qmobile
QMobile R1000,"Rs. 2,750",Qmobile
QMobile J2500,"Rs. 2,750",Qmobile
QMobile G400,"Rs. 2,750",Qmobile
QMobile XL10,"Rs. 2,750",Qmobile
QMobile R2000,"Rs. 2,650",Qmobile
QMobile R480,"Rs. 2,650",Qmobile
QMobile R800,"Rs. 2,625",Qmobile
QMobile R360,"Rs. 2,600",Qmobile
QMobile R250,"Rs. 2,550",Qmobile
QMobile M70,"Rs. 2,500",Qmobile
QMobile N275,"Rs. 2,500",Qmobile
QMobile Shine 100,"Rs. 2,500",Qmobile
QMobile R740,"Rs. 2,475",Qmobile
QMobile Power 5,"Rs. 2,475",Qmobile
QMobile M250,"Rs. 2,450",Qmobile
QMobile R950,"Rs. 2,450",Qmobile
QMobile X4,"Rs. 2,450",Qmobile
QMobile F1,"Rs. 2,375",Qmobile
QMobile H67,"Rs. 2,300",Qmobile
QMobile Power4,"Rs. 2,275",Qmobile
QMobile N250,"Rs. 2,275",Qmobile
QMobile R450,"Rs. 2,250",Qmobile
QMobile M800,"Rs. 2,250",Qmobile
QMobile Power2,"Rs. 2,250",Qmobile
QMobile R400,"Rs. 2,250",Qmobile
QMobile N150,"Rs. 2,200",Qmobile
QMobile W20,"Rs. 2,200",Qmobile
QMobile M100,"Rs. 2,200",Qmobile
QMobile Power1,"Rs. 2,200",Qmobile
QMobile N175,"Rs. 2,200",Qmobile
QMobile S300,"Rs. 2,175",Qmobile
QMobile Power3,"Rs. 2,175",Qmobile
QMobile N100,"Rs. 2,150",Qmobile
QMobile S250,"Rs. 2,150",Qmobile
QMobile M50,"Rs. 2,150",Qmobile
QMobile R440,"Rs. 2,150",Qmobile
QMobile R380,"Rs. 2,100",Qmobile
QMobile S200,"Rs. 2,100",Qmobile
QMobile B260,"Rs. 2,100",Qmobile
QMobile R720,"Rs. 2,090",Qmobile
QMobile N90,"Rs. 2,075",Qmobile
QMobile S150,"Rs. 2,075",Qmobile
QMobile M225,"Rs. 2,050",Qmobile
QMobile H54,"Rs. 2,050",Qmobile
QMobile S50,"Rs. 2,050",Qmobile
QMobile H64,"Rs. 2,050",Qmobile
QMobile R240,"Rs. 2,050",Qmobile
QMobile H66,"Rs. 2,050",Qmobile
QMobile H63,"Rs. 2,025",Qmobile
QMobile N125,"Rs. 2,000",Qmobile
QMobile R390,"Rs. 1,990",Qmobile
QMobile B80,"Rs. 1,990",Qmobile
QMobile M125,"Rs. 1,950",Qmobile
QMobile C10,"Rs. 1,950",Qmobile
QMobile N225,"Rs. 1,890",Qmobile
QMobile R370,"Rs. 1,875",Qmobile
QMobile H52,"Rs. 1,860",Qmobile
QMobile C12,"Rs. 1,825",Qmobile
QMobile R300,"Rs. 1,825",Qmobile
QMobile B65,"Rs. 1,800",Qmobile
QMobile R200,"Rs. 1,700",Qmobile
QMobile G175,"Rs. 1,700",Qmobile
QMobile L7,"Rs. 1,650",Qmobile
QMobile L2,"Rs. 1,550",Qmobile
QMobile L3,"Rs. 1,525",Qmobile
QMobile L4,"Rs. 1,500",Qmobile
QMobile L1,"Rs. 1,490",Qmobile
QMobile Noir X500, Price N/A ,Qmobile
QMobile Noir i9, Price N/A ,Qmobile
QMobile E990 Sirocco, Price N/A ,Qmobile
QMobile Noir A500, Price N/A ,Qmobile
QMobile Noir Quatro Z5, Price N/A ,Qmobile
QMobile Noir i12, Price N/A ,Qmobile
QMobile Noir Quatro Z4, Price N/A ,Qmobile
QMobile Noir A610, Price N/A ,Qmobile
QMobile Noir X25, Price N/A ,Qmobile
QMobile Noir i7, Price N/A ,Qmobile
QMobile Noir X800, Price N/A ,Qmobile
QMobile Noir A300, Price N/A ,Qmobile
QMobile Noir X400, Price N/A ,Qmobile
Rivo Phantom PZ20,"Rs. 19,900",Rivo
Rivo Phantom PZ18,"Rs. 16,500",Rivo
Rivo Rhythm RX100,"Rs. 14,900",Rivo
Rivo Phantom PZ15,"Rs. 14,000",Rivo
Rivo Rhythm RX150,"Rs. 12,850",Rivo
Rivo Phantom PZ10,"Rs. 12,500",Rivo
Rivo Rhythm RX60,"Rs. 9,499",Rivo
Rivo Rhythm RX80,"Rs. 9,399",Rivo
Rivo Rhythm RX70,"Rs. 8,700",Rivo
Rivo Rhythm RX75,"Rs. 8,400",Rivo
Rivo Phantom PZ8,"Rs. 8,000",Rivo
Rivo Rhythm RX40,"Rs. 6,700",Rivo
Rivo Rhythm RX65,"Rs. 6,200",Rivo
Rivo Rhythm RX55,"Rs. 5,450",Rivo
Rivo Phantom PZ1,"Rs. 5,300",Rivo
Rivo Rhythm RX50,"Rs. 5,200",Rivo
Rivo Rhythm RX35,"Rs. 4,675",Rivo
Rivo Rhythm RX45,"Rs. 4,600",Rivo
Rivo Jaguar J505,"Rs. 2,990",Rivo
Rivo Sapphire S650,"Rs. 2,550",Rivo
Rivo Advance A235,"Rs. 2,375",Rivo
Rivo Sapphire S610,"Rs. 2,275",Rivo
Rivo Neo N310,"Rs. 2,150",Rivo
Rivo Advance A220,"Rs. 2,075",Rivo
Rivo Advance A210,"Rs. 1,975",Rivo
Rivo Advance A225,"Rs. 1,875",Rivo
Rivo Advance A240,"Rs. 1,850",Rivo
Rivo Advance A230,"Rs. 1,790",Rivo
Mobilink Jazz Xplore JS700,"Rs. 7,999",Mobilink
Mobilink Jazz Xplore JS500,"Rs. 5,499",Mobilink
Mobilink Jazz Xplore JS300,"Rs. 4,299",Mobilink
Mobilink Jazz Xcite JF100,"Rs. 2,999",Mobilink
GRight VIEW X X1,"Rs. 20,500",GRight
GRight Inspire A480,"Rs. 14,800",GRight
GRight Inspire A380,"Rs. 14,500",GRight
GRight Inspire A380 Mini,"Rs. 12,500",GRight
GRight V888,"Rs. 2,200",GRight
GRight S20,"Rs. 2,100",GRight
GRight V666,"Rs. 2,050",GRight
GRight G555,"Rs. 1,750",GRight
Club Hello 101,Coming Soon,Club
Club Hello 105,"Rs. 14,000",Club
Club A90i,"Rs. 2,750",Club
Club A80,"Rs. 2,100",Club
Club A52,"Rs. 2,100",Club
Club A72,"Rs. 2,100",Club
Club A1,"Rs. 1,800",Club
Oppo A33,Coming Soon,Oppo
Oppo R7s,Coming Soon,Oppo
Oppo R7s Plus,Coming Soon,Oppo
Oppo N3,"Rs. 59,900",Oppo
Oppo Find 7,"Rs. 55,900",Oppo
Oppo R7 Plus,"Rs. 39,990",Oppo
Oppo R5,"Rs. 39,990",Oppo
Oppo N1 mini,"Rs. 39,900",Oppo
Oppo Find 7a,"Rs. 29,990",Oppo
Oppo R7 Lite,"Rs. 29,990",Oppo
Oppo R1k,"Rs. 29,900",Oppo
Oppo Mirror 5,"Rs. 25,800",Oppo
Oppo Neo 7,"Rs. 19,999",Oppo
Oppo Mirror 3,"Rs. 19,990",Oppo
Oppo Neo 5S,"Rs. 16,999",Oppo
Oppo Yoyo,"Rs. 15,990",Oppo
Oppo Neo 5,"Rs. 14,999",Oppo
Oppo Neo 3,"Rs. 14,500",Oppo
Oppo Joy 3,"Rs. 12,999",Oppo
Oppo Joy Plus,"Rs. 8,500",Oppo
Oppo Joy,"Rs. 7,500",Oppo
Oppo Mirror 5S, Price N/A ,Oppo
Oppo U3, Price N/A ,Oppo
Oppo R5s, Price N/A ,Oppo
Oppo R7, Price N/A ,Oppo
Calme  Spark S30,"Rs. 9,500",Calme
Calme  Spark S33,"Rs. 8,300",Calme
Calme  Spark S20,"Rs. 8,000",Calme
Calme  Spark S8,"Rs. 7,500",Calme
Calme  Spark S22,"Rs. 7,500",Calme
Calme  Spark S9,"Rs. 7,000",Calme
Calme  Spark S10,"Rs. 7,000",Calme
Calme  Spark S24,"Rs. 5,800",Calme
Calme  Spark S15,"Rs. 5,500",Calme
Calme  Spark S25,"Rs. 4,800",Calme
Calme  Spark S11,"Rs. 4,800",Calme
Calme  Spark S12,"Rs. 4,200",Calme
Calme  Spark S7,"Rs. 4,000",Calme
Calme  C540,"Rs. 2,100",Calme
Calme  C660,"Rs. 1,850",Calme
Calme  C882,"Rs. 1,850",Calme
Calme  C790,"Rs. 1,800",Calme
Calme  C880,"Rs. 1,800",Calme
Calme  C340,"Rs. 1,750",Calme
Calme  C230,"Rs. 1,600",Calme
Calme  C343,"Rs. 1,550",Calme
Calme  C789,"Rs. 1,500",Calme
Calme  C770,"Rs. 1,300",Calme
Lenovo Vibe P1,Coming Soon,Lenovo
Lenovo A6010,Coming Soon,Lenovo
Lenovo Vibe X3,Coming Soon,Lenovo
Lenovo Phab Plus,Coming Soon,Lenovo
Lenovo A7000 Plus,Coming Soon,Lenovo
Lenovo Vibe X3 Lite,Coming Soon,Lenovo
Lenovo K80,Coming Soon,Lenovo
Lenovo A3690,Coming Soon,Lenovo
Lenovo Vibe S1,Coming Soon,Lenovo
Lenovo K3 Note,Coming Soon,Lenovo
Lenovo Vibe Z2 Pro,"Rs. 75,500",Lenovo
Lenovo Vibe Z2,"Rs. 51,000",Lenovo
Lenovo Vibe X2,"Rs. 30,600",Lenovo
Lenovo A7010,"Rs. 29,900",Lenovo
Lenovo S90,"Rs. 26,900",Lenovo
Lenovo S860,"Rs. 24,900",Lenovo
Lenovo S60,"Rs. 22,700",Lenovo
Lenovo P70,"Rs. 22,500",Lenovo
Lenovo A7000,"Rs. 19,500",Lenovo
Lenovo S850,"Rs. 19,500",Lenovo
Lenovo Vibe P1m,"Rs. 17,900",Lenovo
Lenovo A6000,"Rs. 14,900",Lenovo
Lenovo S650,"Rs. 14,500",Lenovo
Lenovo A5000,"Rs. 13,900",Lenovo
Lenovo A536,"Rs. 13,000",Lenovo
Lenovo A2010,"Rs. 11,500",Lenovo
Lenovo A328,"Rs. 9,800",Lenovo
Lenovo A1000,"Rs. 8,500",Lenovo
Lenovo A319,"Rs. 7,900",Lenovo
Lenovo A369i,"Rs. 7,900",Lenovo
OPhone Oze4,"Rs. 7,000",OPhone
OPhone Smarty 430,"Rs. 4,700",OPhone
OPhone Smarty 350i,"Rs. 4,700",OPhone
OPhone Iris 410,"Rs. 3,600",OPhone
OPhone O9,"Rs. 3,400",OPhone
OPhone Stag X321,"Rs. 2,950",OPhone
OPhone Spark X250,"Rs. 2,950",OPhone
OPhone Vibe X300,"Rs. 2,300",OPhone
OPhone X325,"Rs. 2,250",OPhone
OPhone O1,"Rs. 1,550",OPhone
OPhone O2,"Rs. 1,400",OPhone
Sony Ericsson K330,"Rs. 5,100",SonyEricsson
Sony Ericsson W960i, Price N/A ,SonyEricsson
Sony Ericsson W890i, Price N/A ,SonyEricsson
Sony Ericsson Xperia Arc, Price N/A ,SonyEricsson
Sony Ericsson Xperia Ray, Price N/A ,SonyEricsson
Sony Ericsson Xperia PLAY, Price N/A ,SonyEricsson
Sony Ericsson C902i, Price N/A ,SonyEricsson
Sony Ericsson W595, Price N/A ,SonyEricsson
Sony Ericsson T700, Price N/A ,SonyEricsson
Sony Ericsson W302, Price N/A ,SonyEricsson
Sony Ericsson G502, Price N/A ,SonyEricsson
Sony Ericsson XPERIA X1, Price N/A ,SonyEricsson
Sony Ericsson G700, Price N/A ,SonyEricsson
Sony Ericsson C905, Price N/A ,SonyEricsson
Sony Ericsson T303, Price N/A ,SonyEricsson
Sony Ericsson T280i, Price N/A ,SonyEricsson
Sony Ericsson S302, Price N/A ,SonyEricsson
Sony Ericsson W395, Price N/A ,SonyEricsson
Sony Ericsson C510, Price N/A ,SonyEricsson
Sony Ericsson W705, Price N/A ,SonyEricsson
Sony Ericsson Xperia Arc S, Price N/A ,SonyEricsson
Sony Ericsson Xperia Neo, Price N/A ,SonyEricsson
Sony Ericsson Xperia X8, Price N/A ,SonyEricsson
Sony Ericsson W995, Price N/A ,SonyEricsson
Sony Ericsson C903, Price N/A ,SonyEricsson
Sony Ericsson Aspen, Price N/A ,SonyEricsson
Sony Ericsson W205, Price N/A ,SonyEricsson
Sony Ericsson C901, Price N/A ,SonyEricsson
Sony Ericsson W880i, Price N/A ,SonyEricsson
Sony Ericsson K550i, Price N/A ,SonyEricsson
Sony Ericsson W200i, Price N/A ,SonyEricsson
Sony Ericsson U100 Yari, Price N/A ,SonyEricsson
Sony Ericsson Satio Idou, Price N/A ,SonyEricsson
Sony Ericsson K810i, Price N/A ,SonyEricsson
Sony Ericsson Aino, Price N/A ,SonyEricsson
Sony Ericsson Jalou, Price N/A ,SonyEricsson
Sony Ericsson S500i, Price N/A ,SonyEricsson
Sony Ericsson W580i, Price N/A ,SonyEricsson
Sony Ericsson W610i, Price N/A ,SonyEricsson
Sony Ericsson K530i, Price N/A ,SonyEricsson
Sony Ericsson W910i, Price N/A ,SonyEricsson
Sony Ericsson K770i, Price N/A ,SonyEricsson
Sony Ericsson Xperia X10, Price N/A ,SonyEricsson
Sony Ericsson K850i, Price N/A ,SonyEricsson
Sony Ericsson Xperia X10 Mini, Price N/A ,SonyEricsson
Sony Ericsson Xperia X10 Mini Pro, Price N/A ,SonyEricsson
LG G4 Beat,Coming Soon,LG
LG Volt,Coming Soon,LG
LG L35,Coming Soon,LG
LG Class,Coming Soon,LG
LG G Vista 2,Coming Soon,LG
LG Ray,Coming Soon,LG
LG G4 Stylus,Coming Soon,LG
LG G4 Pro,Coming Soon,LG
LG G350,Coming Soon,LG
LG V10,"Rs. 66,000",LG
LG Nexus 5X,"Rs. 50,990",LG
LG G Flex,"Rs. 50,000",LG
LG Optimus G,"Rs. 50,000",LG
LG G4,"Rs. 45,000",LG
LG G Pro 2,"Rs. 43,000",LG
LG Optimus 4X HD P880,"Rs. 35,000",LG
LG G3,"Rs. 35,000",LG
LG Nexus 4,"Rs. 33,000",LG
LG G2,"Rs. 33,000",LG
LG Nexus 5,"Rs. 32,000",LG
LG Optimus 3D Max P720,"Rs. 30,000",LG
LG Optimus Vu P895,"Rs. 28,000",LG
LG Optimus L9 P768,"Rs. 27,000",LG
LG Prada 3.0,"Rs. 24,500",LG
LG Optimus L7 II,"Rs. 24,000",LG
LG Optimus L5 II,"Rs. 17,000",LG
LG P705 Optimus L7,"Rs. 15,500",LG
LG E400 Optimus L3,"Rs. 14,600",LG
LG GX300,"Rs. 9,000",LG
LG GW300,"Rs. 8,500",LG
LG C199,"Rs. 8,000",LG
LG GX200,"Rs. 6,999",LG
LG C105,"Rs. 6,950",LG
LG KP175,"Rs. 5,950",LG
LG KG195,"Rs. 4,200",LG
LG A165,"Rs. 3,850",LG
LG G5,N/A,LG
LG GS108,"Rs. 1,750",LG
LG GD880, Price N/A ,LG
LG P500, Price N/A ,LG
LG KG290, Price N/A ,LG
LG GM200, Price N/A ,LG
LG GD510, Price N/A ,LG
LG KM335, Price N/A ,LG
LG KP110, Price N/A ,LG
LG KP320, Price N/A ,LG
LG KE500, Price N/A ,LG
LG KP105, Price N/A ,LG
LG KP199, Price N/A ,LG
LG KC550, Price N/A ,LG
LG A290, Price N/A ,LG
LG T375, Price N/A ,LG
LG KG270, Price N/A ,LG
LG KE970 Shine, Price N/A ,LG
LG KG288, Price N/A ,LG
Apple iphone 5C 32GB,Coming Soon,Apple
Apple iphone 6s Plus,"Rs. 86,000",Apple
Apple iphone 6s,"Rs. 74,990",Apple
Apple iphone 6 Plus,"Rs. 74,000",Apple
Apple iphone 5S 64GB,"Rs. 72,000",Apple
Apple iphone 5 64GB,"Rs. 71,000",Apple
Apple iphone 5 32GB,"Rs. 66,000",Apple
Apple iphone 6,"Rs. 63,500",Apple
Apple iphone 5S 32GB,"Rs. 63,000",Apple
Apple iphone 5S 16GB,"Rs. 55,000",Apple
Apple iphone 5 16GB,"Rs. 34,990",Apple
Apple iphone 5C 16GB,"Rs. 30,000",Apple
Apple iphone 3G 8GB, Price N/A ,Apple
Apple iphone 3G 16GB, Price N/A ,Apple
Apple iphone 4S 32GB, Price N/A ,Apple
Apple iphone 4 32GB, Price N/A ,Apple
Apple iphone 4S 16GB, Price N/A ,Apple
Apple iPhone 3GS 32GB, Price N/A ,Apple
Apple iphone 4 16GB FU, Price N/A ,Apple
Apple iphone 4 16GB SU, Price N/A ,Apple
BlackBerry  Bold Touch 9900,"Rs. 36,000",BlackBerry
BlackBerry  Bold 9650,"Rs. 36,000",BlackBerry
BlackBerry  Bold 9780,"Rs. 27,500",BlackBerry
BlackBerry  Bold 9700,"Rs. 27,000",BlackBerry
BlackBerry  Curve 9380,"Rs. 26,499",BlackBerry
BlackBerry  Torch 9860,"Rs. 25,000",BlackBerry
BlackBerry  Bold 9790,"Rs. 24,000",BlackBerry
BlackBerry  9720,"Rs. 22,000",BlackBerry
BlackBerry  Torch 9800,"Rs. 20,500",BlackBerry
BlackBerry  Z10,"Rs. 20,000",BlackBerry
BlackBerry  Curve 9360,"Rs. 18,000",BlackBerry
BlackBerry  Q10,"Rs. 16,000",BlackBerry
BlackBerry  Q5,"Rs. 16,000",BlackBerry
BlackBerry  Curve 8900,"Rs. 15,000",BlackBerry
BlackBerry  Curve 9320,"Rs. 15,000",BlackBerry
BlackBerry  Curve 3G 9300,"Rs. 13,300",BlackBerry
BlackBerry  Curve 8520,"Rs. 12,500",BlackBerry
BlackBerry  Curve 9220,"Rs. 12,000",BlackBerry
BlackBerry  Pearl 8120, Price N/A ,BlackBerry
BlackBerry  Curve 8310, Price N/A ,BlackBerry
BlackBerry  Torch 9810, Price N/A ,BlackBerry
BlackBerry  Bold 9000, Price N/A ,BlackBerry
BlackBerry  Pearl Flip 8220, Price N/A ,BlackBerry
BlackBerry  Storm 2 9550, Price N/A ,BlackBerry
Haier Esteem V4,"Rs. 29,900",Haier
Haier Esteem i80,"Rs. 19,500",Haier
Haier Esteem i70,"Rs. 17,999",Haier
Haier Esteem L50,"Rs. 15,999",Haier
Haier Esteem i50,"Rs. 12,500",Haier
Haier Esteem i40,"Rs. 11,500",Haier
Haier Pursuit G30,"Rs. 8,299",Haier
Haier Pursuit G20,"Rs. 7,300",Haier
Haier Pursuit G10,"Rs. 6,500",Haier
Haier Neon T20,"Rs. 3,499",Haier
Haier Klassic M108,"Rs. 3,100",Haier
Haier Klassic M107,"Rs. 2,800",Haier
Haier Klassic P100,"Rs. 2,599",Haier
Haier Klassic M106,"Rs. 2,490",Haier
Haier P867, Price N/A ,Haier
Haier T757, Price N/A ,Haier
Haier Y716, Price N/A ,Haier
Haier W919, Price N/A ,Haier
Haier W860, Price N/A ,Haier
iNew L3,Coming Soon,iNew
iNew U3,Coming Soon,iNew
iNew U5,Coming Soon,iNew
iNew L1,"Rs. 20,500",iNew
iNew L4,"Rs. 19,500",iNew
iNew V7,"Rs. 16,300",iNew
iNew V1,"Rs. 10,500",iNew
iNew U1,"Rs. 7,100",iNew
iNew V8 Plus, Price N/A ,iNew
iNew V3C, Price N/A ,iNew
iNew I6000 Advanced, Price N/A ,iNew
Motorola Moto X Force,Coming Soon,Motorola
Motorola Moto G Turbo Edition,Coming Soon,Motorola
Motorola V3i,"Rs. 8,100",Motorola
Motorola L6,"Rs. 6,600",Motorola
Motorola W208,"Rs. 3,500",Motorola
Motorola C168,"Rs. 3,100",Motorola
Motorola W230,"Rs. 2,900",Motorola
Motorola W180,"Rs. 2,150",Motorola
Motorola C118,"Rs. 2,000",Motorola
Motorola RIZR Z8, Price N/A ,Motorola
Motorola RAZR2 V9, Price N/A ,Motorola
Motorola RAZR2 V8 Luxury Edition, Price N/A ,Motorola
Motorola Razr V3, Price N/A ,Motorola
Motorola ROKR E8, Price N/A ,Motorola
Motorola KRAZR K1, Price N/A ,Motorola
Motorola V3 Pink, Price N/A ,Motorola
Motorola Rizr Z3, Price N/A ,Motorola
Motorola Moto Q, Price N/A ,Motorola
Motorola RAZR2 V8, Price N/A ,Motorola
GFive President Tango 7,"Rs. 19,900",GFive
GFive President G10,"Rs. 17,999",GFive
GFive President Xhero 7,"Rs. 12,999",GFive
GFive A78 Ferrari,"Rs. 11,000",GFive
GFive 4G LTE 3,"Rs. 10,999",GFive
GFive President G10 Octa Core,"Rs. 9,999",GFive
GFive President G9,"Rs. 9,999",GFive
GFive President G7,"Rs. 9,999",GFive
GFive Bravo G95,"Rs. 9,900",GFive
GFive Glory A86,"Rs. 9,900",GFive
GFive President G6,"Rs. 8,500",GFive
GFive President G10 Fashion,"Rs. 8,499",GFive
GFive 4G LTE 2,"Rs. 7,999",GFive
GFive A79,"Rs. 7,000",GFive
GFive Blade X F600,"Rs. 6,600",GFive
GFive President A97,"Rs. 6,500",GFive
GFive Luminous E660,"Rs. 5,990",GFive
GFive G Haptic Plus A77,"Rs. 5,950",GFive
GFive Eshare A68,"Rs. 5,500",GFive
GFive Beam A68 Plus,"Rs. 5,500",GFive
GFive Blade F500,"Rs. 5,400",GFive
GFive Fanse A57,"Rs. 4,500",GFive
GFive Bravo A2,"Rs. 4,300",GFive
GFive Smart 1,"Rs. 4,195",GFive
GFive Smart 2,"Rs. 4,195",GFive
GFive President Shark 2,"Rs. 3,695",GFive
GFive President Shark 1,"Rs. 2,699",GFive
GFive President Smart 6, Price N/A ,GFive
